metric,value
pearson_r,0.08116020016180306
p_value,0.20367156266525363
